target_id,pdb_id,mutation_code,US-Align,pLDDT_of_variant_residue,avg_pLDDT
P0A7Y4,2RN2,S68G,0.94470,0.9858561754226685,0.9739839
P0A7Y4,2RN2,S68A,0.94470,0.9858561754226685,0.9739839
P0A7Y4,2RN2,S68V,0.94470,0.9858561754226685,0.9739839
P0A7Y4,2RN2,H62P,0.94470,0.9498701691627502,0.9739839
P00648,1BNI,T53P,0.66751,0.9156676530838013,0.8123324
P00648,1BNI,D59G,0.66751,0.942424476146698,0.8123324
P00648,1BNI,D59S,0.66751,0.942424476146698,0.8123324
P00648,1BNI,T63A,0.66751,0.9272613525390625,0.8123324
P00648,1BNI,H65G,0.66751,0.9339568614959717,0.8123324
P00648,1BNI,H65A,0.66751,0.9339568614959717,0.8123324
P00648,1BNI,H65S,0.66751,0.9339568614959717,0.8123324
P00648,1BNI,H65N,0.66751,0.9339568614959717,0.8123324
P00648,1BNI,H65D,0.66751,0.9339568614959717,0.8123324
P00648,1BNI,T73D,0.66751,0.9661456346511841,0.8123324
P00648,1BNI,S75G,0.66751,0.9647599458694458,0.8123324
P00648,1BNI,E76G,0.66751,0.9678393006324768,0.8123324
P00648,1BNI,E76S,0.66751,0.9678393006324768,0.8123324
P00648,1BNI,Q78S,0.66751,0.9661487340927124,0.8123324
P00648,1BNI,G81S,0.66751,0.9646779298782349,0.8123324
P00648,1BNI,G81N,0.66751,0.9646779298782349,0.8123324
P00648,1BNI,G81D,0.66751,0.9646779298782349,0.8123324
P00648,1BNI,G81R,0.66751,0.9646779298782349,0.8123324
P00648,1BNI,A79R,0.66751,0.9719549417495728,0.8123324
P00648,1BNI,A79K,0.66751,0.9719549417495728,0.8123324
P00648,1BNI,A79M,0.66751,0.9719549417495728,0.8123324
P00648,1BNI,A79L,0.66751,0.9719549417495728,0.8123324
P00648,1BNI,A79F,0.66751,0.9719549417495728,0.8123324
P00648,1BNI,A79H,0.66751,0.9719549417495728,0.8123324
P00648,1BNI,A79T,0.66751,0.9719549417495728,0.8123324
P00648,1BNI,A79I,0.66751,0.9719549417495728,0.8123324
P00648,1BNI,A79G,0.66751,0.9719549417495728,0.8123324
P00648,1BNI,A79W,0.66751,0.9719549417495728,0.8123324
P00648,1BNI,A79C,0.66751,0.9719549417495728,0.8123324
P00648,1BNI,A79P,0.66751,0.9719549417495728,0.8123324
P00648,1BNI,T53H,0.66751,0.9156676530838013,0.8123324
P00648,1BNI,W141L,0.66751,0.9386336803436279,0.8123324
P03034,1LRP,V37I,0.37166,0.904276967048645,0.8627299
P00648,1BNI,D55A,0.66751,0.9360631704330444,0.8123324
P00648,1BNI,D59A,0.66751,0.942424476146698,0.8123324
P00648,1BNI,W141Y,0.66751,0.9386336803436279,0.8123324
P00648,1BNI,W141F,0.66751,0.9386336803436279,0.8123324
P00648,1BNI,I51V,0.66751,0.8852559924125671,0.8123324
P00648,1BNI,N52A,0.66751,0.9011251926422119,0.8123324
P00648,1BNI,T53G,0.66751,0.9156676530838013,0.8123324
P00648,1BNI,V57T,0.66751,0.9469913244247437,0.8123324
P00648,1BNI,L61A,0.66751,0.9479652643203735,0.8123324
P00648,1BNI,T63S,0.66751,0.9272613525390625,0.8123324
P00648,1BNI,T63R,0.66751,0.9272613525390625,0.8123324
P00648,1BNI,Y64A,0.66751,0.9254096150398254,0.8123324
P00648,1BNI,I72V,0.66751,0.9622572064399719,0.8123324
P00648,1BNI,I72A,0.66751,0.9622572064399719,0.8123324
P00648,1BNI,T73G,0.66751,0.9661456346511841,0.8123324
P00648,1BNI,T73A,0.66751,0.9661456346511841,0.8123324
P00648,1BNI,L80Q,0.66751,0.964242160320282,0.8123324
P00648,1BNI,V83A,0.66751,0.9429758787155151,0.8123324
P00648,1BNI,N88D,0.66751,0.9274507761001587,0.8123324
P00648,1BNI,V92A,0.66751,0.9468552470207214,0.8123324
P00648,1BNI,V92T,0.66751,0.9468552470207214,0.8123324
P00648,1BNI,I98V,0.66751,0.9546906352043152,0.8123324
P00648,1BNI,I98A,0.66751,0.9546906352043152,0.8123324
P00648,1BNI,D101A,0.66751,0.9656854867935181,0.8123324
P00648,1BNI,I102V,0.66751,0.9691797494888306,0.8123324
P00648,1BNI,I102A,0.66751,0.9691797494888306,0.8123324
P00648,1BNI,N105A,0.66751,0.9468941688537598,0.8123324
P00648,1BNI,N105D,0.66751,0.9468941688537598,0.8123324
P00648,1BNI,K109R,0.66751,0.9302223324775696,0.8123324
P00648,1BNI,N124A,0.66751,0.881428599357605,0.8123324
P00648,1BNI,Y125F,0.66751,0.8819102048873901,0.8123324
P00648,1BNI,I135V,0.66751,0.9682679176330566,0.8123324
P00648,1BNI,L136T,0.66751,0.9725059270858765,0.8123324
P00648,1BNI,S138A,0.66751,0.9644410610198975,0.8123324
P00648,1BNI,I143V,0.66751,0.9594948291778564,0.8123324
P00648,1BNI,I143A,0.66751,0.9594948291778564,0.8123324
P00648,1BNI,T146V,0.66751,0.9578088521957397,0.8123324
P00648,1BNI,H65Q,0.66751,0.9339568614959717,0.8123324
P00648,1BNI,R106A,0.66751,0.9368578195571899,0.8123324
P00648,1BNI,S104A,0.66751,0.9541884660720825,0.8123324
P00648,1BNI,Q151A,0.66751,0.9291024208068848,0.8123324
P00644,1STN,A176G,0.58662,0.9691412448883057,0.7910783
P00644,1STN,A176V,0.58662,0.9691412448883057,0.7910783
P00644,1STN,A99G,0.58662,0.9789254069328308,0.7910783
P00644,1STN,A99V,0.58662,0.9789254069328308,0.7910783
P00644,1STN,A140G,0.58662,0.98019939661026,0.7910783
P00644,1STN,A140V,0.58662,0.98019939661026,0.7910783
P00644,1STN,A142V,0.58662,0.9760026335716248,0.7910783
P00644,1STN,A151G,0.58662,0.9733260869979858,0.7910783
P00644,1STN,A151V,0.58662,0.9733260869979858,0.7910783
P00644,1STN,A172V,0.58662,0.9723875522613525,0.7910783
P00644,1STN,A184G,0.58662,0.9689861536026001,0.7910783
P00644,1STN,A184V,0.58662,0.9689861536026001,0.7910783
P00644,1STN,A191G,0.58662,0.9820456504821777,0.7910783
P00644,1STN,A191V,0.58662,0.9820456504821777,0.7910783
P00644,1STN,A194G,0.58662,0.9474188089370728,0.7910783
P00644,1STN,A212G,0.58662,0.9348217844963074,0.7910783
P00644,1STN,A212V,0.58662,0.9348217844963074,0.7910783
P00644,1STN,A214G,0.58662,0.9653598666191101,0.7910783
P00644,1STN,A214V,0.58662,0.9653598666191101,0.7910783
P00644,1STN,P93G,0.58662,0.9636194109916687,0.7910783
P00644,1STN,P113G,0.58662,0.9729280471801758,0.7910783
P00644,1STN,P113A,0.58662,0.9729280471801758,0.7910783
P00644,1STN,P124G,0.58662,0.9589911103248596,0.7910783
P00644,1STN,P129G,0.58662,0.8751447200775146,0.7910783
P00644,1STN,P129A,0.58662,0.8751447200775146,0.7910783
P00644,1STN,P138G,0.58662,0.970726490020752,0.7910783
P00644,1STN,P138A,0.58662,0.970726490020752,0.7910783
P00644,1STN,G102A,0.58662,0.9769256114959717,0.7910783
P00644,1STN,G111A,0.58662,0.9636683464050293,0.7910783
P00644,1STN,G111V,0.58662,0.9636683464050293,0.7910783
P00644,1STN,G132A,0.58662,0.914515495300293,0.7910783
P00644,1STN,G132V,0.58662,0.914515495300293,0.7910783
P00644,1STN,G137A,0.58662,0.9688701629638672,0.7910783
P00644,1STN,G161A,0.58662,0.9034082889556885,0.7910783
P00644,1STN,G168V,0.58662,0.9411327838897705,0.7910783
P00644,1STN,G170V,0.58662,0.9682058095932007,0.7910783
P00644,1STN,G178A,0.58662,0.921614408493042,0.7910783
P00644,1STN,G178V,0.58662,0.921614408493042,0.7910783
P00644,1STN,N182G,0.58662,0.9834908246994019,0.7910783
P00644,1STN,N200A,0.58662,0.915641188621521,0.7910783
P00644,1STN,N200G,0.58662,0.915641188621521,0.7910783
P00644,1STN,N220A,0.58662,0.9559886455535889,0.7910783
P00644,1STN,N220G,0.58662,0.9559886455535889,0.7910783
P00644,1STN,Q112A,0.58662,0.9665877223014832,0.7910783
P00644,1STN,Q112G,0.58662,0.9665877223014832,0.7910783
P00644,1STN,Q162A,0.58662,0.9217361211776733,0.7910783
P00644,1STN,Q162G,0.58662,0.9217361211776733,0.7910783
P00644,1STN,Q188A,0.58662,0.9745597839355469,0.7910783
P00644,1STN,Q188G,0.58662,0.9745597839355469,0.7910783
P00644,1STN,Q205A,0.58662,0.8927319049835205,0.7910783
P00644,1STN,Q213G,0.58662,0.940631091594696,0.7910783
P00644,1STN,S223G,0.58662,0.9480593204498291,0.7910783
P00644,1STN,S210A,0.58662,0.9502893090248108,0.7910783
P00644,1STN,S210G,0.58662,0.9502893090248108,0.7910783
P00644,1STN,T95G,0.58662,0.9779409170150757,0.7910783
P00644,1STN,T104A,0.58662,0.9819989204406738,0.7910783
P00644,1STN,T115A,0.58662,0.97553551197052,0.7910783
P00644,1STN,T115G,0.58662,0.97553551197052,0.7910783
P00644,1STN,T123G,0.58662,0.9748421907424927,0.7910783
P00644,1STN,T126A,0.58662,0.9447287321090698,0.7910783
P00644,1STN,T126G,0.58662,0.9447287321090698,0.7910783
P00644,1STN,T144A,0.58662,0.9853520393371582,0.7910783
P00644,1STN,T144G,0.58662,0.9853520393371582,0.7910783
P00644,1STN,T164A,0.58662,0.9500741958618164,0.7910783
P00644,1STN,T202A,0.58662,0.8850499391555786,0.7910783
P00644,1STN,A227V,0.58662,0.8376477360725403,0.7910783
P00644,1STN,S141G,0.58662,0.9764570593833923,0.7910783
P0A7Y4,2RN2,H124A,0.94470,0.9417970776557922,0.9739839
P0A7Y4,2RN2,H127A,0.94470,0.977198600769043,0.9739839
P00094,1C2R,K33D,0.82829,0.9319737553596497,0.9065229
P00094,1C2R,K35E,0.82829,0.9345372915267944,0.9065229
P00094,1C2R,K53E,0.82829,0.8798002004623413,0.9065229
P00651,1RN1,Y37F,0.60204,0.7740013599395752,0.6508079
P00651,1RN1,Y68F,0.60204,0.6763008832931519,0.6508079
P00651,1RN1,Y82F,0.60204,0.783149242401123,0.6508079
P00651,1RN1,Y83F,0.60204,0.7759253978729248,0.6508079
P00651,1RN1,S38A,0.60204,0.7932384014129639,0.6508079
P00651,1RN1,S43A,0.60204,0.8365195989608765,0.6508079
P00651,1RN1,S90A,0.60204,0.476599782705307,0.6508079
P00651,1RN1,N35A,0.60204,0.7154231071472168,0.6508079
P00651,1RN1,N62A,0.60204,0.5265963673591614,0.6508079
P00651,1RN1,N107A,0.60204,0.8135074377059937,0.6508079
P00592,1P2P,N111D,0.80025,0.8646706938743591,0.8076169
P00094,1C2R,Y96F,0.82829,0.953498899936676,0.9065229
P00094,1C2R,Y96C,0.82829,0.953498899936676,0.9065229
P0AA25,2TRX,D27A,0.97371,0.9869263768196106,0.9692402
P0ABQ4,1RX4,V88A,0.96126,0.9520970582962036,0.9699319
P0ABQ4,1RX4,V88I,0.96126,0.9520970582962036,0.9699319
P00648,1BNI,S75E,0.66751,0.9647599458694458,0.8123324
P00644,1STN,V148K,0.58662,0.981468677520752,0.7910783
P00651,1RN1,E84A,0.60204,0.7651225328445435,0.6508079
P00720,2LZM,Y25G,0.92251,0.9438509941101074,0.9463421
P00720,2LZM,S38D,0.92251,0.9224090576171875,0.9463421
P00720,2LZM,G51D,0.92251,0.9566996097564697,0.9463421
P00720,2LZM,C54Y,0.92251,0.9464840888977051,0.9463421
P00720,2LZM,I58Y,0.92251,0.9682286381721497,0.9463421
P00720,2LZM,G77A,0.92251,0.9674840569496155,0.9463421
P00720,2LZM,A82P,0.92251,0.9610012769699097,0.9463421
P00720,2LZM,P86G,0.92251,0.9691024422645569,0.9463421
P00720,2LZM,L91P,0.92251,0.9661954641342163,0.9463421
P00720,2LZM,A98T,0.92251,0.9610780477523804,0.9463421
P00720,2LZM,A98V,0.92251,0.9610780477523804,0.9463421
P00720,2LZM,A146I,0.92251,0.9628688097000122,0.9463421
P00720,2LZM,A146T,0.92251,0.9628688097000122,0.9463421
P00720,2LZM,A146V,0.92251,0.9628688097000122,0.9463421
P00720,2LZM,V149A,0.92251,0.9611570239067078,0.9463421
P00720,2LZM,G156D,0.92251,0.9425750970840454,0.9463421
P00720,2LZM,T157D,0.92251,0.9085707664489746,0.9463421
P00720,2LZM,T157F,0.92251,0.9085707664489746,0.9463421
P00720,2LZM,A160T,0.92251,0.6890775561332703,0.9463421
P69543,1VQB,V35A,0.74724,0.7385631203651428,0.669115
P69543,1VQB,V35C,0.74724,0.7385631203651428,0.669115
P69543,1VQB,I47A,0.74724,0.7095447182655334,0.669115
P69543,1VQB,I47C,0.74724,0.7095447182655334,0.669115
P69543,1VQB,I47V,0.74724,0.7095447182655334,0.669115
P69543,1VQB,I47L,0.74724,0.7095447182655334,0.669115
P69543,1VQB,I47M,0.74724,0.7095447182655334,0.669115
P69543,1VQB,V35M,0.74724,0.7385631203651428,0.669115
P00648,1BNI,Y64F,0.66751,0.9254096150398254,0.8123324
P69543,1VQB,E30M,0.74724,0.7203720211982727,0.669115
P69543,1VQB,D36C,0.74724,0.7267315983772278,0.669115
P69543,1VQB,D50H,0.74724,0.666417121887207,0.669115
P69543,1VQB,V70P,0.74724,0.5266387462615967,0.669115
P02633,1IGV,E21Q,0.77398,0.7804461717605591,0.8932806
P02633,1IGV,D23N,0.77398,0.8740307688713074,0.8932806
P02633,1IGV,E30Q,0.77398,0.9278579354286194,0.8932806
P00644,1STN,L89A,0.58662,0.7988179922103882,0.7910783
P00644,1STN,L89G,0.58662,0.7988179922103882,0.7910783
P00644,1STN,L96G,0.58662,0.9783034324645996,0.7910783
P00644,1STN,L107A,0.58662,0.9819329977035522,0.7910783
P00644,1STN,L118A,0.58662,0.9839960932731628,0.7910783
P00644,1STN,L118G,0.58662,0.9839960932731628,0.7910783
P00644,1STN,L119A,0.58662,0.976565957069397,0.7910783
P00644,1STN,L119G,0.58662,0.976565957069397,0.7910783
P00644,1STN,L120A,0.58662,0.968295156955719,0.7910783
P00644,1STN,L171A,0.58662,0.9673545360565186,0.7910783
P00644,1STN,L185G,0.58662,0.9835807085037231,0.7910783
P00644,1STN,L190G,0.58662,0.979327917098999,0.7910783
P00644,1STN,L207A,0.58662,0.9532186985015869,0.7910783
P00644,1STN,V121A,0.58662,0.9792677164077759,0.7910783
P00644,1STN,V121G,0.58662,0.9792677164077759,0.7910783
P00644,1STN,V133A,0.58662,0.9357738494873047,0.7910783
P00644,1STN,V133G,0.58662,0.9357738494873047,0.7910783
P00644,1STN,V148A,0.58662,0.981468677520752,0.7910783
P00644,1STN,V148G,0.58662,0.981468677520752,0.7910783
P00644,1STN,V156A,0.58662,0.9766227006912231,0.7910783
P00644,1STN,V156G,0.58662,0.9766227006912231,0.7910783
P00644,1STN,V181A,0.58662,0.9803573489189148,0.7910783
P00644,1STN,V186A,0.58662,0.9811688661575317,0.7910783
P00644,1STN,V186G,0.58662,0.9811688661575317,0.7910783
P00644,1STN,V193A,0.58662,0.9589229226112366,0.7910783
P00644,1STN,V193G,0.58662,0.9589229226112366,0.7910783
P00644,1STN,I97V,0.58662,0.973259449005127,0.7910783
P00644,1STN,I97A,0.58662,0.973259449005127,0.7910783
P00644,1STN,I97G,0.58662,0.973259449005127,0.7910783
P00644,1STN,I100V,0.58662,0.9680588245391846,0.7910783
P00644,1STN,I100G,0.58662,0.9680588245391846,0.7910783
P00644,1STN,I154V,0.58662,0.9783396124839783,0.7910783
P00644,1STN,I174V,0.58662,0.9811726212501526,0.7910783
P00644,1STN,I174A,0.58662,0.9811726212501526,0.7910783
P00644,1STN,I221A,0.58662,0.9488739967346191,0.7910783
P00644,1STN,I221G,0.58662,0.9488739967346191,0.7910783
P00644,1STN,M108A,0.58662,0.9788907766342163,0.7910783
P00644,1STN,M108G,0.58662,0.9788907766342163,0.7910783
P00644,1STN,M114A,0.58662,0.9755644202232361,0.7910783
P00644,1STN,M114G,0.58662,0.9755644202232361,0.7910783
P00644,1STN,M147A,0.58662,0.9784297943115234,0.7910783
P00644,1STN,M180A,0.58662,0.9605649709701538,0.7910783
P00644,1STN,M180G,0.58662,0.9605649709701538,0.7910783
P00644,1STN,Y109G,0.58662,0.9716984033584595,0.7910783
P00644,1STN,Y136G,0.58662,0.9609829187393188,0.7910783
P00644,1STN,Y167A,0.58662,0.9094565510749817,0.7910783
P00644,1STN,Y173A,0.58662,0.9721438884735107,0.7910783
P00644,1STN,Y173G,0.58662,0.9721438884735107,0.7910783
P00644,1STN,Y175A,0.58662,0.9660864472389221,0.7910783
P00644,1STN,Y175G,0.58662,0.9660864472389221,0.7910783
P00644,1STN,Y195A,0.58662,0.9262275695800781,0.7910783
P00644,1STN,Y197A,0.58662,0.9129626750946045,0.7910783
P00644,1STN,Y197G,0.58662,0.9129626750946045,0.7910783
P00644,1STN,F116A,0.58662,0.9845067262649536,0.7910783
P00644,1STN,F116G,0.58662,0.9845067262649536,0.7910783
P00644,1STN,F143G,0.58662,0.9809808731079102,0.7910783
P00644,1STN,F158A,0.58662,0.9513313174247742,0.7910783
P00644,1STN,Y109A,0.58662,0.9716984033584595,0.7910783
P00644,1STN,E155A,0.58662,0.9725680947303772,0.7910783
P00644,1STN,G161S,0.58662,0.9034082889556885,0.7910783
P00644,1STN,A172S,0.58662,0.9723875522613525,0.7910783
P00644,1STN,D177A,0.58662,0.945854902267456,0.7910783
P00644,1STN,D177G,0.58662,0.945854902267456,0.7910783
P00644,1STN,N200D,0.58662,0.915641188621521,0.7910783
P00648,1BNI,T53S,0.66751,0.9156676530838013,0.8123324
P00648,1BNI,T53N,0.66751,0.9156676530838013,0.8123324
P00648,1BNI,T53D,0.66751,0.9156676530838013,0.8123324
P00648,1BNI,T53Q,0.66751,0.9156676530838013,0.8123324
P00648,1BNI,T73S,0.66751,0.9661456346511841,0.8123324
P00648,1BNI,T73Q,0.66751,0.9661456346511841,0.8123324
P00648,1BNI,T73E,0.66751,0.9661456346511841,0.8123324
P0AA25,2TRX,P77A,0.97371,0.9870087504386902,0.9692402
P02633,1IGV,P24G,0.77398,0.8829715251922607,0.8932806
P02633,1IGV,Y17F,0.77398,0.9148062467575073,0.8932806
P00644,1STN,I100M,0.58662,0.9680588245391846,0.7910783
P0AE67,1CEY,F14N,0.91795,0.9848911762237549,0.96979433
P0AE67,1CEY,A80G,0.91795,0.9694317579269409,0.96979433
P0AE67,1CEY,A48G,0.91795,0.9674348831176758,0.96979433
P0AE67,1CEY,A88G,0.91795,0.9557139277458191,0.96979433
P0AE67,1CEY,A74G,0.91795,0.9827017188072205,0.96979433
P0AE67,1CEY,A77G,0.91795,0.9681208729743958,0.96979433
P0AE67,1CEY,A114G,0.91795,0.9818291664123535,0.96979433
P0AE67,1CEY,A113G,0.91795,0.9800654649734497,0.96979433
P01053,2CI2,K22A,0.70803,0.7590385675430298,0.7492229
P01053,2CI2,P26A,0.70803,0.8212287425994873,0.7492229
P01053,2CI2,E27A,0.70803,0.8447390794754028,0.7492229
P01053,2CI2,E27Q,0.70803,0.8447390794754028,0.7492229
P01053,2CI2,K31A,0.70803,0.8489857316017151,0.7492229
P01053,2CI2,S32G,0.70803,0.8499248027801514,0.7492229
P01053,2CI2,E34Q,0.70803,0.8892687559127808,0.7492229
P01053,2CI2,E34D,0.70803,0.8892687559127808,0.7492229
P01053,2CI2,E34N,0.70803,0.8892687559127808,0.7492229
P01053,2CI2,E35D,0.70803,0.8988372087478638,0.7492229
P01053,2CI2,E35N,0.70803,0.8988372087478638,0.7492229
P01053,2CI2,A36G,0.70803,0.8884709477424622,0.7492229
P01053,2CI2,K37A,0.70803,0.9069750308990479,0.7492229
P01053,2CI2,K37G,0.70803,0.9069750308990479,0.7492229
P01053,2CI2,K38A,0.70803,0.9200600981712341,0.7492229
P01053,2CI2,K38G,0.70803,0.9200600981712341,0.7492229
P01053,2CI2,V39A,0.70803,0.9011521935462952,0.7492229
P01053,2CI2,I40V,0.70803,0.8847744464874268,0.7492229
P01053,2CI2,L41G,0.70803,0.8973909616470337,0.7492229
P01053,2CI2,Q42A,0.70803,0.8813861012458801,0.7492229
P01053,2CI2,Q42G,0.70803,0.8813861012458801,0.7492229
P01053,2CI2,D43A,0.70803,0.8523327112197876,0.7492229
P01053,2CI2,K44G,0.70803,0.8413317203521729,0.7492229
P01053,2CI2,P45A,0.70803,0.8634570837020874,0.7492229
P01053,2CI2,E46A,0.70803,0.8566988110542297,0.7492229
P01053,2CI2,L52A,0.70803,0.8834214210510254,0.7492229
P01053,2CI2,L52V,0.70803,0.8834214210510254,0.7492229
P01053,2CI2,T56S,0.70803,0.8788820505142212,0.7492229
P01053,2CI2,T56V,0.70803,0.8788820505142212,0.7492229
P01053,2CI2,T56A,0.70803,0.8788820505142212,0.7492229
P01053,2CI2,I57A,0.70803,0.8823403120040894,0.7492229
P01053,2CI2,E61A,0.70803,0.8077048659324646,0.7492229
P01053,2CI2,F70L,0.70803,0.8547757863998413,0.7492229
P01053,2CI2,F70V,0.70803,0.8547757863998413,0.7492229
P01053,2CI2,F70A,0.70803,0.8547757863998413,0.7492229
P01053,2CI2,D72A,0.70803,0.806039035320282,0.7492229
P69543,1VQB,M77I,0.74724,0.4999958276748657,0.669115
P69543,1VQB,M77V,0.74724,0.4999958276748657,0.669115
P69543,1VQB,C33A,0.74724,0.7338789701461792,0.669115
P69543,1VQB,C33L,0.74724,0.7338789701461792,0.669115
P69543,1VQB,V35T,0.74724,0.7385631203651428,0.669115
P69543,1VQB,L37A,0.74724,0.7095799446105957,0.669115
P69543,1VQB,L37C,0.74724,0.7095799446105957,0.669115
P69543,1VQB,L37I,0.74724,0.7095799446105957,0.669115
P69543,1VQB,L37T,0.74724,0.7095799446105957,0.669115
P69543,1VQB,L37V,0.74724,0.7095799446105957,0.669115
P69543,1VQB,V45L,0.74724,0.7312076091766357,0.669115
P69543,1VQB,L49A,0.74724,0.6808985471725464,0.669115
P69543,1VQB,L49C,0.74724,0.6808985471725464,0.669115
P69543,1VQB,V63C,0.74724,0.6845905780792236,0.669115
P69543,1VQB,V63T,0.74724,0.6845905780792236,0.669115
P69543,1VQB,S67C,0.74724,0.5744021534919739,0.669115
P69543,1VQB,S67T,0.74724,0.5744021534919739,0.669115
P69543,1VQB,F68V,0.74724,0.552585780620575,0.669115
P69543,1VQB,I78C,0.74724,0.5133919715881348,0.669115
P69543,1VQB,I78T,0.74724,0.5133919715881348,0.669115
P69543,1VQB,I78V,0.74724,0.5133919715881348,0.669115
P69543,1VQB,L81V,0.74724,0.525058925151825,0.669115
P69543,1VQB,V19C,0.74724,0.818348228931427,0.669115
P69543,1VQB,V19T,0.74724,0.818348228931427,0.669115
P69543,1VQB,K24V,0.74724,0.8476357460021973,0.669115
P69543,1VQB,E30N,0.74724,0.7203720211982727,0.669115
P69543,1VQB,E40C,0.74724,0.7909626364707947,0.669115
P69543,1VQB,V43C,0.74724,0.7524434328079224,0.669115
P69543,1VQB,T48V,0.74724,0.7003867030143738,0.669115
P69543,1VQB,T62C,0.74724,0.7285832166671753,0.669115
P69543,1VQB,T62V,0.74724,0.7285832166671753,0.669115
P69543,1VQB,V70T,0.74724,0.5266387462615967,0.669115
P69543,1VQB,M77A,0.74724,0.4999958276748657,0.669115
P69543,1VQB,M77F,0.74724,0.4999958276748657,0.669115
P69543,1VQB,M77L,0.74724,0.4999958276748657,0.669115
P69543,1VQB,M77T,0.74724,0.4999958276748657,0.669115
P69543,1VQB,V45C,0.74724,0.7312076091766357,0.669115
P69543,1VQB,C33V,0.74724,0.7338789701461792,0.669115
P69543,1VQB,Y41F,0.74724,0.7893385887145996,0.669115
P00004,1I5T,H34F,0.91324,0.9467073678970337,0.96620387
P00004,1I5T,P31A,0.91324,0.9617631435394287,0.96620387
P00004,1I5T,P31V,0.91324,0.9617631435394287,0.96620387
P00644,1STN,V186T,0.58662,0.9811688661575317,0.7910783
P00644,1STN,V193T,0.58662,0.9589229226112366,0.7910783
P00644,1STN,V156S,0.58662,0.9766227006912231,0.7910783
P00644,1STN,V186S,0.58662,0.9811688661575317,0.7910783
P00644,1STN,V193S,0.58662,0.9589229226112366,0.7910783
P00644,1STN,V196S,0.58662,0.926986813545227,0.7910783
P00644,1STN,Y109F,0.58662,0.9716984033584595,0.7910783
P00644,1STN,Y173F,0.58662,0.9721438884735107,0.7910783
P00644,1STN,Y175F,0.58662,0.9660864472389221,0.7910783
P00644,1STN,Y195F,0.58662,0.9262275695800781,0.7910783
P00644,1STN,Y197F,0.58662,0.9129626750946045,0.7910783
P00644,1STN,Y136L,0.58662,0.9609829187393188,0.7910783
P00644,1STN,Y167L,0.58662,0.9094565510749817,0.7910783
P00644,1STN,Y173L,0.58662,0.9721438884735107,0.7910783
P00644,1STN,Y175L,0.58662,0.9660864472389221,0.7910783
P00644,1STN,Y195L,0.58662,0.9262275695800781,0.7910783
P00644,1STN,T126S,0.58662,0.9447287321090698,0.7910783
P00644,1STN,T144S,0.58662,0.9853520393371582,0.7910783
P00644,1STN,T164S,0.58662,0.9500741958618164,0.7910783
P00644,1STN,T104V,0.58662,0.9819989204406738,0.7910783
P00644,1STN,T123V,0.58662,0.9748421907424927,0.7910783
P00644,1STN,T126V,0.58662,0.9447287321090698,0.7910783
P00644,1STN,T144V,0.58662,0.9853520393371582,0.7910783
P00644,1STN,T202V,0.58662,0.8850499391555786,0.7910783
P00644,1STN,T95C,0.58662,0.9779409170150757,0.7910783
P00644,1STN,T115C,0.58662,0.97553551197052,0.7910783
P00644,1STN,T123C,0.58662,0.9748421907424927,0.7910783
P00644,1STN,T144C,0.58662,0.9853520393371582,0.7910783
P00644,1STN,T202C,0.58662,0.8850499391555786,0.7910783
P00644,1STN,V133T,0.58662,0.9357738494873047,0.7910783
P00644,1STN,V121T,0.58662,0.9792677164077759,0.7910783
P00644,1STN,V148T,0.58662,0.981468677520752,0.7910783
P00644,1STN,V156T,0.58662,0.9766227006912231,0.7910783
P00974,1BPI,G47V,0.57552,0.9676632881164551,0.7412577
P00974,1BPI,P48A,0.57552,0.9688845872879028,0.7412577
P00974,1BPI,A51T,0.57552,0.9698487520217896,0.7412577
P00974,1BPI,A51V,0.57552,0.9698487520217896,0.7412577
P00974,1BPI,F68L,0.57552,0.9751547574996948,0.7412577
P00974,1BPI,Y70A,0.57552,0.9789756536483765,0.7412577
P00974,1BPI,Y70D,0.57552,0.9789756536483765,0.7412577
P00974,1BPI,Y70F,0.57552,0.9789756536483765,0.7412577
P00974,1BPI,Y70N,0.57552,0.9789756536483765,0.7412577
P00974,1BPI,G71D,0.57552,0.9733538627624512,0.7412577
P00974,1BPI,G72A,0.57552,0.9636936783790588,0.7412577
P01053,2CI2,I50A,0.70803,0.9118391871452332,0.7492229
P01053,2CI2,I50T,0.70803,0.9118391871452332,0.7492229
P01053,2CI2,V54T,0.70803,0.8423329591751099,0.7492229
P01053,2CI2,V54A,0.70803,0.8423329591751099,0.7492229
P01053,2CI2,A78G,0.70803,0.6256929039955139,0.7492229
P01053,2CI2,V80G,0.70803,0.5780754685401917,0.7492229
P00044,1YCC,N58L,0.95158,0.9546438455581665,0.9426579
P00044,1YCC,N58I,0.95158,0.9546438455581665,0.9426579
P00044,1YCC,N58V,0.95158,0.9546438455581665,0.9426579
P00044,1YCC,N58F,0.95158,0.9546438455581665,0.9426579
P00044,1YCC,N58Q,0.95158,0.9546438455581665,0.9426579
P00044,1YCC,N58H,0.95158,0.9546438455581665,0.9426579
P00044,1YCC,G12A,0.95158,0.9801778197288513,0.9426579
P11053,1FRD,H43R,0.97137,0.976669430732727,0.97442603
P03050,1ARR,P8L,0.76009,0.8308600783348083,0.90794903
P00648,1BNI,R130Q,0.66751,0.8809573650360107,0.8123324
P00648,1BNI,D69M,0.66751,0.9207114577293396,0.8123324
P00644,1STN,E157A,0.58662,0.9559271931648254,0.7910783
P00644,1STN,K106G,0.58662,0.9778650403022766,0.7910783
P00644,1STN,E157G,0.58662,0.9559271931648254,0.7910783
P00044,1YCC,K78L,0.95158,0.9690244197845459,0.9426579
P00044,1YCC,K78I,0.95158,0.9690244197845459,0.9426579
P00044,1YCC,K78V,0.95158,0.9690244197845459,0.9426579
P01053,2CI2,T59D,0.70803,0.8490946292877197,0.7492229
P01053,2CI2,T59A,0.70803,0.8490946292877197,0.7492229
P00644,1STN,V148W,0.58662,0.981468677520752,0.7910783
P00651,1RN1,Y50W,0.60204,0.8011322021484375,0.6508079
P00651,1RN1,Y71W,0.60204,0.5692037343978882,0.6508079
P00651,1RN1,Y68W,0.60204,0.6763008832931519,0.6508079
P00651,1RN1,H66T,0.60204,0.673162579536438,0.6508079
P00651,1RN1,W85Y,0.60204,0.7531111240386963,0.6508079
P02693,2IFB,I24C,0.94266,0.8473434448242188,0.89347017
P02693,2IFB,L90C,0.94266,0.9350519776344299,0.89347017
P02693,2IFB,A105C,0.94266,0.9410156607627869,0.89347017
P02693,2IFB,L73C,0.94266,0.8047159910202026,0.89347017
P01053,2CI2,L69A,0.70803,0.870810866355896,0.7492229
P01053,2CI2,V71A,0.70803,0.8435255885124207,0.7492229
P01053,2CI2,I49A,0.70803,0.9088025689125061,0.7492229
P01053,2CI2,I77A,0.70803,0.6143741011619568,0.7492229
P01053,2CI2,L28A,0.70803,0.853660523891449,0.7492229
P00644,1STN,D103A,0.58662,0.9818450212478638,0.7910783
P00644,1STN,K127A,0.58662,0.9146779179573059,0.7910783
P00644,1STN,K218G,0.58662,0.959691047668457,0.7910783
P00644,1STN,E134A,0.58662,0.9357861280441284,0.7910783
P00644,1STN,K98A,0.58662,0.9701572060585022,0.7910783
P00644,1STN,K131G,0.58662,0.8901947736740112,0.7910783
P00644,1STN,K131A,0.58662,0.8901947736740112,0.7910783
P00644,1STN,K218A,0.58662,0.959691047668457,0.7910783
P00644,1STN,K110A,0.58662,0.9521677494049072,0.7910783
P00644,1STN,K98G,0.58662,0.9701572060585022,0.7910783
P00648,1BNI,K66R,0.66751,0.9417385458946228,0.8123324
P00648,1BNI,K113A,0.66751,0.9488937258720398,0.8123324
P00648,1BNI,S132A,0.66751,0.926828145980835,0.8123324
P69543,1VQB,F13T,0.74724,0.6415454149246216,0.669115
P69543,1VQB,L28V,0.74724,0.737066388130188,0.669115
P69543,1VQB,L32Y,0.74724,0.7169209718704224,0.669115
P69543,1VQB,H64C,0.74724,0.662742018699646,0.669115
P69543,1VQB,L65P,0.74724,0.6234825849533081,0.669115
P0CH28,1AAR,F121W,0.10916,0.6037673950195312,0.7077155
P00644,1STN,G161D,0.58662,0.9034082889556885,0.7910783
P01308,1ZNJ,T97H,0.19609,0.5770819187164307,0.54054743
P01308,1ZNJ,T97R,0.19609,0.5770819187164307,0.54054743
P01308,1ZNJ,F49H,0.19609,0.3617165684700012,0.54054743
P01308,1ZNJ,F49D,0.19609,0.3617165684700012,0.54054743
P01308,1ZNJ,T97A,0.19609,0.5770819187164307,0.54054743
P01308,1ZNJ,S98D,0.19609,0.640201210975647,0.54054743
P01308,1ZNJ,Y50T,0.19609,0.36534011363983154,0.54054743
P00698,4LYZ,I73T,0.84784,0.9724197387695312,0.92843723
P03051,1ROP,L41V,0.58034,0.7921528816223145,0.77223814
P03051,1ROP,L41A,0.58034,0.7921528816223145,0.77223814
P00644,1STN,K152F,0.58662,0.9549172520637512,0.7910783
P00644,1STN,E139C,0.58662,0.9732576608657837,0.7910783
P00644,1STN,A142C,0.58662,0.9760026335716248,0.7910783
P00644,1STN,K152C,0.58662,0.9549172520637512,0.7910783
P00644,1STN,R187C,0.58662,0.9703890085220337,0.7910783
P00644,1STN,A194C,0.58662,0.9474188089370728,0.7910783
P00644,1STN,K216F,0.58662,0.9331995248794556,0.7910783
P00644,1STN,K160F,0.58662,0.8876630663871765,0.7910783
P00644,1STN,G132F,0.58662,0.914515495300293,0.7910783
P00644,1STN,G111F,0.58662,0.9636683464050293,0.7910783
P00644,1STN,A194F,0.58662,0.9474188089370728,0.7910783
P00644,1STN,R187F,0.58662,0.9703890085220337,0.7910783
P00644,1STN,D122A,0.58662,0.9722819924354553,0.7910783
P00644,1STN,D122G,0.58662,0.9722819924354553,0.7910783
P00644,1STN,E92A,0.58662,0.9554822444915771,0.7910783
P00644,1STN,E92G,0.58662,0.9554822444915771,0.7910783
P00644,1STN,E125A,0.58662,0.9485812783241272,0.7910783
P00644,1STN,E125G,0.58662,0.9485812783241272,0.7910783
P00644,1STN,E139A,0.58662,0.9732576608657837,0.7910783
P00644,1STN,E139G,0.58662,0.9732576608657837,0.7910783
P00644,1STN,E149G,0.58662,0.9737480282783508,0.7910783
P00644,1STN,E155G,0.58662,0.9725680947303772,0.7910783
P00644,1STN,E204G,0.58662,0.9295307397842407,0.7910783
P00644,1STN,E211A,0.58662,0.9613977074623108,0.7910783
P00644,1STN,E217A,0.58662,0.953452467918396,0.7910783
P00644,1STN,E217G,0.58662,0.953452467918396,0.7910783
P00644,1STN,K88A,0.58662,0.7154073119163513,0.7910783
P00644,1STN,K88G,0.58662,0.7154073119163513,0.7910783
P00644,1STN,K91A,0.58662,0.9256381988525391,0.7910783
P00644,1STN,K106A,0.58662,0.9778650403022766,0.7910783
P00644,1STN,K192A,0.58662,0.9647207260131836,0.7910783
P00644,1STN,K192G,0.58662,0.9647207260131836,0.7910783
P00644,1STN,K209A,0.58662,0.9207687377929688,0.7910783
P00644,1STN,K209G,0.58662,0.9207687377929688,0.7910783
P00644,1STN,K130A,0.58662,0.8838003277778625,0.7910783
P00644,1STN,K135A,0.58662,0.9413355588912964,0.7910783
P00644,1STN,K135G,0.58662,0.9413355588912964,0.7910783
P00644,1STN,K145A,0.58662,0.9791001081466675,0.7910783
P00644,1STN,K145G,0.58662,0.9791001081466675,0.7910783
P00644,1STN,K146A,0.58662,0.9705379009246826,0.7910783
P00644,1STN,K146G,0.58662,0.9705379009246826,0.7910783
P00644,1STN,K152A,0.58662,0.9549172520637512,0.7910783
P00644,1STN,K152G,0.58662,0.9549172520637512,0.7910783
P00644,1STN,K153G,0.58662,0.9655961990356445,0.7910783
P00644,1STN,K160A,0.58662,0.8876630663871765,0.7910783
P00644,1STN,K160G,0.58662,0.8876630663871765,0.7910783
P00644,1STN,K166A,0.58662,0.90004563331604,0.7910783
P00644,1STN,K166G,0.58662,0.90004563331604,0.7910783
P00644,1STN,K179G,0.58662,0.9394177198410034,0.7910783
P00644,1STN,K198A,0.58662,0.8885654807090759,0.7910783
P00644,1STN,K215A,0.58662,0.9467579126358032,0.7910783
P00644,1STN,K216A,0.58662,0.9331995248794556,0.7910783
P00644,1STN,K216G,0.58662,0.9331995248794556,0.7910783
P00644,1STN,H90A,0.58662,0.8774528503417969,0.7910783
P00644,1STN,H90G,0.58662,0.8774528503417969,0.7910783
P00644,1STN,H128A,0.58662,0.8892025947570801,0.7910783
P00644,1STN,H128G,0.58662,0.8892025947570801,0.7910783
P00644,1STN,H206G,0.58662,0.9050450325012207,0.7910783
P00644,1STN,R117A,0.58662,0.9801743030548096,0.7910783
P00644,1STN,R117G,0.58662,0.9801743030548096,0.7910783
P00644,1STN,R169A,0.58662,0.9522454738616943,0.7910783
P00644,1STN,R187G,0.58662,0.9703890085220337,0.7910783
P00644,1STN,R208A,0.58662,0.9380848407745361,0.7910783
P00648,1BNI,R116S,0.66751,0.960046648979187,0.8123324
P00648,1BNI,D140N,0.66751,0.940791130065918,0.8123324
P00648,1BNI,R116K,0.66751,0.960046648979187,0.8123324
P00648,1BNI,R130K,0.66751,0.8809573650360107,0.8123324
P00644,1STN,M114L,0.58662,0.9755644202232361,0.7910783
P00644,1STN,M114I,0.58662,0.9755644202232361,0.7910783
P05413,2HMB,F17Y,0.96872,0.9427356719970703,0.94578934
P05413,2HMB,Y129F,0.96872,0.959077000617981,0.94578934
P05413,2HMB,T41Q,0.96872,0.9688937067985535,0.94578934
P05413,2HMB,T41V,0.96872,0.9688937067985535,0.94578934
P05413,2HMB,R107T,0.96872,0.9734678864479065,0.94578934
P05413,2HMB,R127K,0.96872,0.963706374168396,0.94578934
P05413,2HMB,R127Q,0.96872,0.963706374168396,0.94578934
P03050,1ARR,N29A,0.76009,0.9728838205337524,0.90794903
P03050,1ARR,E48A,0.76009,0.9130998253822327,0.90794903
P9WGE7,1IDS,G152A,0.95844,0.8795064091682434,0.93949854
P11540,1BTA,C83A,0.88534,0.7988492846488953,0.9003434
P00974,1BPI,K50A,0.57552,0.9668245911598206,0.7412577
P00974,1BPI,G71A,0.57552,0.9733538627624512,0.7412577
P00974,1BPI,R55A,0.57552,0.9777367115020752,0.7412577
P00974,1BPI,T46A,0.57552,0.9696794748306274,0.7412577
P00974,1BPI,R74A,0.57552,0.9581813812255859,0.7412577
P00974,1BPI,I54A,0.57552,0.9757720828056335,0.7412577
P00974,1BPI,K81A,0.57552,0.9601494073867798,0.7412577
P00974,1BPI,V69A,0.57552,0.9759011268615723,0.7412577
P00720,2LZM,L66P,0.92251,0.9570831060409546,0.9463421
P00651,1RN1,P99V,0.60204,0.5015366077423096,0.6508079
P02693,2IFB,L65G,0.94266,0.9300954341888428,0.89347017
P02693,2IFB,G66A,0.94266,0.9306410551071167,0.89347017
P00648,1BNI,E120F,0.66751,0.9701262712478638,0.8123324
P00648,1BNI,E120Q,0.66751,0.9701262712478638,0.8123324
P00648,1BNI,E120W,0.66751,0.9701262712478638,0.8123324
P00644,1STN,Y109E,0.58662,0.9716984033584595,0.7910783
P00644,1STN,Y109H,0.58662,0.9716984033584595,0.7910783
P00644,1STN,Y109I,0.58662,0.9716984033584595,0.7910783
P00644,1STN,Y109K,0.58662,0.9716984033584595,0.7910783
P00644,1STN,Y109M,0.58662,0.9716984033584595,0.7910783
P00644,1STN,Y109N,0.58662,0.9716984033584595,0.7910783
P00644,1STN,Y109R,0.58662,0.9716984033584595,0.7910783
P00644,1STN,Y109W,0.58662,0.9716984033584595,0.7910783
P32081,1CSP,F27A,0.92786,0.9731732606887817,0.9549506
P32081,1CSP,F17A,0.92786,0.9792028069496155,0.9549506
P00648,1BNI,N88A,0.66751,0.9274507761001587,0.8123324
P62942,1FKJ,V5A,0.97042,0.9742522239685059,0.9704616
P62942,1FKJ,V25A,0.97042,0.983024001121521,0.9704616
P62942,1FKJ,V56A,0.97042,0.9706718921661377,0.9704616
P62942,1FKJ,I57A,0.97042,0.9711692333221436,0.9704616
P62942,1FKJ,I57T,0.97042,0.9711692333221436,0.9704616
P62942,1FKJ,V64A,0.97042,0.97752845287323,0.9704616
P62942,1FKJ,I77A,0.97042,0.9829349517822266,0.9704616
P62942,1FKJ,V99A,0.97042,0.984953761100769,0.9704616
P62942,1FKJ,V102A,0.97042,0.9848312139511108,0.9704616
P62942,1FKJ,R58A,0.97042,0.9742142558097839,0.9704616
P62942,1FKJ,R58G,0.97042,0.9742142558097839,0.9704616
P62942,1FKJ,E62G,0.97042,0.974495530128479,0.9704616
P62942,1FKJ,I8V,0.97042,0.9792513847351074,0.9704616
P62942,1FKJ,T22S,0.97042,0.9805999994277954,0.9704616
P62942,1FKJ,T22A,0.97042,0.9805999994277954,0.9704616
P62942,1FKJ,T28A,0.97042,0.9864165782928467,0.9704616
P62942,1FKJ,T76V,0.97042,0.9830765724182129,0.9704616
P62942,1FKJ,T76A,0.97042,0.9830765724182129,0.9704616
P0A9X9,1MJC,F31L,0.93088,0.93006432056427,0.8936625
P0A9X9,1MJC,F20L,0.93088,0.9561306834220886,0.8936625
P0A9X9,1MJC,F31S,0.93088,0.93006432056427,0.8936625
P0A9X9,1MJC,F20S,0.93088,0.9561306834220886,0.8936625
P00644,1STN,P93F,0.58662,0.9636194109916687,0.7910783
P00644,1STN,K98F,0.58662,0.9701572060585022,0.7910783
P00644,1STN,D101F,0.58662,0.9726450443267822,0.7910783
P00644,1STN,E134F,0.58662,0.9357861280441284,0.7910783
P00644,1STN,A142F,0.58662,0.9760026335716248,0.7910783
P00644,1STN,K145F,0.58662,0.9791001081466675,0.7910783
P00644,1STN,E149F,0.58662,0.9737480282783508,0.7910783
P00644,1STN,K153F,0.58662,0.9655961990356445,0.7910783
P00644,1STN,E155F,0.58662,0.9725680947303772,0.7910783
P00644,1STN,Q162F,0.58662,0.9217361211776733,0.7910783
P00644,1STN,D165F,0.58662,0.9324263334274292,0.7910783
P00644,1STN,K166F,0.58662,0.90004563331604,0.7910783
P00644,1STN,E183F,0.58662,0.9695029258728027,0.7910783
P00644,1STN,A184F,0.58662,0.9689861536026001,0.7910783
P00644,1STN,E204F,0.58662,0.9295307397842407,0.7910783
P00644,1STN,Q205F,0.58662,0.8927319049835205,0.7910783
P00644,1STN,H206F,0.58662,0.9050450325012207,0.7910783
P00644,1STN,K209F,0.58662,0.9207687377929688,0.7910783
P00644,1STN,E211F,0.58662,0.9613977074623108,0.7910783
P00644,1STN,Q213F,0.58662,0.940631091594696,0.7910783
P00644,1STN,E217F,0.58662,0.953452467918396,0.7910783
P00644,1STN,K218F,0.58662,0.959691047668457,0.7910783
P00644,1STN,D225F,0.58662,0.9094772934913635,0.7910783
P0ACK1,1G6N,S129P,0.92917,0.9139127135276794,0.9232404
P0ACK1,1G6N,S129A,0.92917,0.9139127135276794,0.9232404
P02633,1IGV,L10V,0.77398,0.9128998517990112,0.8932806
P02633,1IGV,V65A,0.77398,0.9585597515106201,0.8932806
P02633,1IGV,F70A,0.77398,0.9328113794326782,0.8932806
P02633,1IGV,V74L,0.77398,0.8350013494491577,0.8932806
P00651,1RN1,N70S,0.60204,0.6216456890106201,0.6508079
P00651,1RN1,N70D,0.60204,0.6216456890106201,0.6508079
P0ACT4,2TRT,R128E,0.86372,0.9493656158447266,0.90642554
P02185,1BVC,A145L,0.96985,0.8916844725608826,0.9117619
P02185,1BVC,L12A,0.96985,0.9393603801727295,0.9117619
P02185,1BVC,F107A,0.96985,0.9220665693283081,0.9117619
P02185,1BVC,L116A,0.96985,0.9406768083572388,0.9117619
P04925,1AG2,T182A,0.17757,0.6972768306732178,0.45252073
P04925,1AG2,M128V,0.17757,0.6799616813659668,0.45252073
P04925,1AG2,F197S,0.17757,0.5063738226890564,0.45252073
P00592,1P2P,H70N,0.80025,0.9245872497558594,0.8076169
P00592,1P2P,H70K,0.80025,0.9245872497558594,0.8076169
P02185,1BVC,E19A,0.96985,0.9407225847244263,0.9117619
P02185,1BVC,E5A,0.96985,0.9172252416610718,0.9117619
P02185,1BVC,D45A,0.96985,0.8659993410110474,0.9117619
P02185,1BVC,D61A,0.96985,0.9398436546325684,0.9117619
P62942,1FKJ,V24A,0.97042,0.9805663824081421,0.9704616
P62942,1FKJ,E61G,0.97042,0.9778380393981934,0.9704616
P0A7Y4,2RN2,D10A,0.94470,0.9869638085365295,0.9739839
P0A7Y4,2RN2,I53A,0.94470,0.9835208058357239,0.9739839
P0A7Y4,2RN2,Q105G,0.94470,0.9763085246086121,0.9739839
P0A7Y4,2RN2,R27A,0.94470,0.9838330745697021,0.9739839
P00282,5AZU,F130S,0.84859,0.9781982898712158,0.9413899
P00171,1CYO,V66H,0.65209,0.9268817901611328,0.8320107
P00171,1CYO,V66E,0.65209,0.9268817901611328,0.8320107
P0CH28,1AAR,R118E,0.10916,0.619284451007843,0.7077155
P0CH28,1AAR,K82Q,0.10916,0.6568139791488647,0.7077155
P0CH28,1AAR,H144E,0.10916,0.6250871419906616,0.7077155
P0CH28,1AAR,R148Q,0.10916,0.5077589750289917,0.7077155
P0CH28,1AAR,K105N,0.10916,0.6159143447875977,0.7077155
P0CH28,1AAR,K105Q,0.10916,0.6159143447875977,0.7077155
P0CH28,1AAR,K103Q,0.10916,0.6459868550300598,0.7077155
P00651,1RN1,G49A,0.60204,0.7728410363197327,0.6508079
P00099,451C,V100I,0.75540,0.9170894026756287,0.9026937
P00044,1YCC,F88Y,0.95158,0.962787389755249,0.9426579
P07445,1OH0,Y16F,0.95243,0.9651908874511719,0.9221564
P07445,1OH0,Y32F,0.95243,0.9805967807769775,0.9221564
P07445,1OH0,Y57F,0.95243,0.9208489060401917,0.9221564
P07445,1OH0,V101L,0.95243,0.9421043395996094,0.9221564
P05230,2AFG,C98S,0.83060,0.964268684387207,0.8515019
P05230,2AFG,C132S,0.83060,0.9616288542747498,0.8515019
P05230,2AFG,H108G,0.83060,0.8149522542953491,0.8515019
P05230,2AFG,C31S,0.83060,0.9482707977294922,0.8515019
P03050,1ARR,Q9G,0.76009,0.8359980583190918,0.90794903
P03050,1ARR,R13G,0.76009,0.9467384815216064,0.90794903
P03050,1ARR,R16G,0.76009,0.9768569469451904,0.90794903
P03050,1ARR,E17G,0.76009,0.9810824990272522,0.90794903
P03050,1ARR,N34G,0.76009,0.9140296578407288,0.90794903
P03050,1ARR,S35G,0.76009,0.9282872676849365,0.90794903
P03050,1ARR,K46G,0.76009,0.9331640005111694,0.90794903
P03050,1ARR,K47G,0.76009,0.9304498434066772,0.90794903
P03050,1ARR,E48G,0.76009,0.9130998253822327,0.90794903
P08463,1SCE,P58A,0.65210,0.6187118887901306,0.7653525
P08463,1SCE,P44A,0.65210,0.8475989103317261,0.7653525
P08463,1SCE,P52A,0.65210,0.6541524529457092,0.7653525
P08463,1SCE,P20A,0.65210,0.7812814116477966,0.7653525
P08463,1SCE,V89G,0.65210,0.7795753479003906,0.7653525
P08463,1SCE,S28G,0.65210,0.9315444827079773,0.7653525
P08463,1SCE,P90A,0.65210,0.793087899684906,0.7653525
P08463,1SCE,P90G,0.65210,0.793087899684906,0.7653525
P08463,1SCE,P29A,0.65210,0.9155516624450684,0.7653525
P00720,2LZM,R119E,0.92251,0.9742726683616638,0.9463421
P00651,1RN1,D75H,0.60204,0.5671439170837402,0.6508079
P05798,1RGG,E41K,0.95348,0.9137452840805054,0.90990555
P05798,1RGG,E74K,0.95348,0.8168441653251648,0.90990555
P05798,1RGG,D17K,0.95348,0.9436431527137756,0.90990555
P05798,1RGG,D25H,0.95348,0.9080853462219238,0.90990555
P00720,2LZM,K135E,0.92251,0.9786815643310547,0.9463421
P00644,1STN,D103N,0.58662,0.9818450212478638,0.7910783
P00644,1STN,T123I,0.58662,0.9748421907424927,0.7910783
P00712,1HFY,A49I,0.78889,0.9395637512207031,0.87382394
P00712,1HFY,T52I,0.78889,0.9322488903999329,0.87382394
Q08012,2A36,T22G,0.27434,0.7776637077331543,0.83687866
Q08012,2A36,T22D,0.27434,0.7776637077331543,0.83687866
Q08012,2A36,T22F,0.27434,0.7776637077331543,0.83687866
Q08012,2A36,T22S,0.27434,0.7776637077331543,0.83687866
Q08012,2A36,T22A,0.27434,0.7776637077331543,0.83687866
Q08012,2A36,T22L,0.27434,0.7776637077331543,0.83687866
Q08012,2A36,T22K,0.27434,0.7776637077331543,0.83687866
P09919,1RHG,G182A,0.57586,0.516823947429657,0.53568345
P09919,1RHG,G56A,0.57586,0.6271466016769409,0.53568345
P09919,1RHG,G58A,0.57586,0.5863779783248901,0.53568345
P09919,1RHG,G106A,0.57586,0.6448612809181213,0.53568345
P09919,1RHG,G120A,0.57586,0.6509444713592529,0.53568345
P00644,1STN,M147I,0.58662,0.9784297943115234,0.7910783
P00644,1STN,M180I,0.58662,0.9605649709701538,0.7910783
P0AA25,2TRX,D27I,0.97371,0.9869263768196106,0.9692402
P0AA25,2TRX,C33A,0.97371,0.9854657649993896,0.9692402
P0AA25,2TRX,C36A,0.97371,0.9826962351799011,0.9692402
P0AA25,2TRX,T78V,0.97371,0.988003134727478,0.9692402
P00651,1RN1,V42A,0.60204,0.8098994493484497,0.6508079
P00651,1RN1,V115C,0.60204,0.7539538145065308,0.6508079
P00651,1RN1,V104A,0.60204,0.8012509346008301,0.6508079
P00651,1RN1,V42S,0.60204,0.8098994493484497,0.6508079
P00651,1RN1,V104S,0.60204,0.8012509346008301,0.6508079
P00651,1RN1,V115S,0.60204,0.7539538145065308,0.6508079
P05798,1RGG,Y30F,0.95348,0.9386893510818481,0.90990555
P05798,1RGG,Y80F,0.95348,0.9421094655990601,0.90990555
P05798,1RGG,Y81F,0.95348,0.9502237439155579,0.90990555
P05798,1RGG,Y86F,0.95348,0.9108661413192749,0.90990555
P05798,1RGG,Y49F,0.95348,0.9207679033279419,0.90990555
P05798,1RGG,Y51F,0.95348,0.9320691227912903,0.90990555
P05798,1RGG,Y52F,0.95348,0.9473349452018738,0.90990555
P05798,1RGG,Y55F,0.95348,0.9599757790565491,0.90990555
P30289,1MGR,Y53F,0.65912,0.9333178997039795,0.76996255
P30289,1MGR,Y75F,0.65912,0.9600247144699097,0.76996255
P30289,1MGR,Y96F,0.65912,0.9471079707145691,0.76996255
P30289,1MGR,Y97F,0.65912,0.9618345499038696,0.76996255
P30289,1MGR,Y100F,0.65912,0.978664755821228,0.76996255
P30289,1MGR,Y125F,0.65912,0.9555763006210327,0.76996255
P30289,1MGR,Y126F,0.65912,0.9658806324005127,0.76996255
P0A9X9,1MJC,S52W,0.93088,0.9172676801681519,0.8936625
P00644,1STN,I221L,0.58662,0.9488739967346191,0.7910783
P00644,1STN,I97L,0.58662,0.973259449005127,0.7910783
P00644,1STN,I97M,0.58662,0.973259449005127,0.7910783
P00644,1STN,I100L,0.58662,0.9680588245391846,0.7910783
P00644,1STN,I154M,0.58662,0.9783396124839783,0.7910783
P00644,1STN,L185I,0.58662,0.9835807085037231,0.7910783
P00644,1STN,L185V,0.58662,0.9835807085037231,0.7910783
P00644,1STN,L190V,0.58662,0.979327917098999,0.7910783
P00644,1STN,L219I,0.58662,0.9624851942062378,0.7910783
P00644,1STN,L219V,0.58662,0.9624851942062378,0.7910783
P00644,1STN,L96I,0.58662,0.9783034324645996,0.7910783
P00644,1STN,L96V,0.58662,0.9783034324645996,0.7910783
P00644,1STN,L107V,0.58662,0.9819329977035522,0.7910783
P00644,1STN,L118I,0.58662,0.9839960932731628,0.7910783
P00644,1STN,L118V,0.58662,0.9839960932731628,0.7910783
P00644,1STN,L119V,0.58662,0.976565957069397,0.7910783
P00644,1STN,L120I,0.58662,0.968295156955719,0.7910783
P00644,1STN,L120V,0.58662,0.968295156955719,0.7910783
P00644,1STN,L89V,0.58662,0.7988179922103882,0.7910783
P00644,1STN,L171I,0.58662,0.9673545360565186,0.7910783
P00644,1STN,T104I,0.58662,0.9819989204406738,0.7910783
P00644,1STN,T115I,0.58662,0.97553551197052,0.7910783
P00644,1STN,T126I,0.58662,0.9447287321090698,0.7910783
P00644,1STN,T144I,0.58662,0.9853520393371582,0.7910783
P00644,1STN,V186L,0.58662,0.9811688661575317,0.7910783
P00644,1STN,V193I,0.58662,0.9589229226112366,0.7910783
P00644,1STN,V196I,0.58662,0.926986813545227,0.7910783
P00644,1STN,V196L,0.58662,0.926986813545227,0.7910783
P00644,1STN,V121I,0.58662,0.9792677164077759,0.7910783
P00644,1STN,V121L,0.58662,0.9792677164077759,0.7910783
P00644,1STN,V133I,0.58662,0.9357738494873047,0.7910783
P00644,1STN,V133L,0.58662,0.9357738494873047,0.7910783
P00644,1STN,V156I,0.58662,0.9766227006912231,0.7910783
P00644,1STN,V181L,0.58662,0.9803573489189148,0.7910783
P32081,1CSP,E3R,0.92786,0.9757150411605835,0.9549506
P04271,1UWO,M8A,0.76350,0.9186375141143799,0.90324694
P04271,1UWO,L4S,0.76350,0.9288687705993652,0.90324694
P04271,1UWO,L4A,0.76350,0.9288687705993652,0.90324694
P04271,1UWO,I12A,0.76350,0.9401967525482178,0.90324694
P04271,1UWO,F15A,0.76350,0.9446699619293213,0.90324694
P02693,2IFB,G66P,0.94266,0.9306410551071167,0.89347017
P02693,2IFB,G100P,0.94266,0.9267130494117737,0.89347017
P02693,2IFB,G111P,0.94266,0.8802737593650818,0.89347017
P00974,1BPI,R74M,0.57552,0.9581813812255859,0.7412577
P00974,1BPI,F57M,0.57552,0.961804211139679,0.7412577
P00974,1BPI,T89M,0.57552,0.8690121173858643,0.7412577
P00974,1BPI,L64M,0.57552,0.8945178389549255,0.7412577
P00974,1BPI,T46M,0.57552,0.9696794748306274,0.7412577
P00974,1BPI,L41M,0.57552,0.9039037227630615,0.7412577
P00974,1BPI,E84M,0.57552,0.9163405895233154,0.7412577
P00974,1BPI,R88M,0.57552,0.8638631701469421,0.7412577
P00282,5AZU,H137G,0.84859,0.9626563191413879,0.9413899
P02647,1AV1,L165R,0.36219,0.5884295701980591,0.5283367
P00257,1AYF,F69W,0.55997,0.9761700630187988,0.7289575
P00257,1AYF,F101W,0.55997,0.9376611709594727,0.7289575
P00257,1AYF,F117W,0.55997,0.9796445369720459,0.7289575
P00257,1AYF,F122W,0.55997,0.9753073453903198,0.7289575
P00257,1AYF,Y140W,0.55997,0.915343165397644,0.7289575
P42773,1IHB,F82Q,0.88887,0.9735184907913208,0.93845105
P42773,1IHB,F37H,0.88887,0.9187772274017334,0.93845105
P42773,1IHB,R55V,0.88887,0.9669814109802246,0.93845105
P03050,1ARR,V18A,0.76009,0.9640748500823975,0.90794903
P03050,1ARR,L19A,0.76009,0.9635082483291626,0.90794903
P03050,1ARR,G30A,0.76009,0.9722456336021423,0.90794903
P03050,1ARR,L12A,0.76009,0.9089751243591309,0.90794903
P03050,1ARR,I37V,0.76009,0.9390074610710144,0.90794903
P03050,1ARR,V33A,0.76009,0.9421454668045044,0.90794903
P03050,1ARR,F45A,0.76009,0.9266957640647888,0.90794903
P03050,1ARR,M42A,0.76009,0.9354789853096008,0.90794903
P03050,1ARR,Y38A,0.76009,0.923166036605835,0.90794903
P03050,1ARR,V22A,0.76009,0.9713170528411865,0.90794903
P03050,1ARR,V41A,0.76009,0.9226607084274292,0.90794903
P03050,1ARR,S32A,0.76009,0.9372352361679077,0.90794903
P00644,1STN,E92K,0.58662,0.9554822444915771,0.7910783
P00644,1STN,D101K,0.58662,0.9726450443267822,0.7910783
P00644,1STN,D101N,0.58662,0.9726450443267822,0.7910783
P00644,1STN,K192E,0.58662,0.9647207260131836,0.7910783
P00644,1STN,K192Q,0.58662,0.9647207260131836,0.7910783
P00644,1STN,K130E,0.58662,0.8838003277778625,0.7910783
P00644,1STN,K130Q,0.58662,0.8838003277778625,0.7910783
P00644,1STN,K145Q,0.58662,0.9791001081466675,0.7910783
P00644,1STN,K146Q,0.58662,0.9705379009246826,0.7910783
P00644,1STN,E149Q,0.58662,0.9737480282783508,0.7910783
P00644,1STN,K152E,0.58662,0.9549172520637512,0.7910783
P00644,1STN,K152Q,0.58662,0.9549172520637512,0.7910783
P00644,1STN,E155K,0.58662,0.9725680947303772,0.7910783
P00644,1STN,E155Q,0.58662,0.9725680947303772,0.7910783
P00644,1STN,E157K,0.58662,0.9559271931648254,0.7910783
P00644,1STN,D159K,0.58662,0.92777019739151,0.7910783
P00644,1STN,D159N,0.58662,0.92777019739151,0.7910783
P00644,1STN,K160E,0.58662,0.8876630663871765,0.7910783
P00644,1STN,K166E,0.58662,0.90004563331604,0.7910783
P00644,1STN,H206E,0.58662,0.9050450325012207,0.7910783
P00644,1STN,K209E,0.58662,0.9207687377929688,0.7910783
P00644,1STN,K215Q,0.58662,0.9467579126358032,0.7910783
P00644,1STN,E217K,0.58662,0.953452467918396,0.7910783
P00644,1STN,E217Q,0.58662,0.953452467918396,0.7910783
P00644,1STN,D225K,0.58662,0.9094772934913635,0.7910783
P00644,1STN,D225N,0.58662,0.9094772934913635,0.7910783
P00044,1YCC,K33Q,0.95158,0.9498772621154785,0.9426579
P00044,1YCC,K33H,0.95158,0.9498772621154785,0.9426579
P00044,1YCC,K28H,0.95158,0.9183222651481628,0.9426579
P62942,1FKJ,W60L,0.97042,0.9785400629043579,0.9704616
P09919,1RHG,E63A,0.57586,0.6254576444625854,0.53568345
P09919,1RHG,L83E,0.57586,0.4483124613761902,0.53568345
P61823,1RTB,F72L,0.28090,0.35333913564682007,0.41865873
P61823,1RTB,F72V,0.28090,0.35333913564682007,0.41865873
P61823,1RTB,F72A,0.28090,0.35333913564682007,0.41865873
P02185,1BVC,I31A,0.96985,0.9550731778144836,0.9117619
P02185,1BVC,L30A,0.96985,0.9491192102432251,0.9117619
P02945,2BRD,M69A,0.80259,0.9428861141204834,0.8621216
P02945,2BRD,V62A,0.80259,0.9656496047973633,0.8621216
P02945,2BRD,L74A,0.80259,0.8731873631477356,0.8621216
P02945,2BRD,L75A,0.80259,0.8342670798301697,0.8621216
P02945,2BRD,P63A,0.80259,0.9689902067184448,0.8621216
P02945,2BRD,L61A,0.80259,0.9707247018814087,0.8621216
P02945,2BRD,P50A,0.80259,0.8358740210533142,0.8621216
P02945,2BRD,K53A,0.80259,0.9015796184539795,0.8621216
P02945,2BRD,D51A,0.80259,0.8104586601257324,0.8621216
P02945,2BRD,D49A,0.80259,0.8348422646522522,0.8621216
P02945,2BRD,T60A,0.80259,0.9649679660797119,0.8621216
P02945,2BRD,Y56A,0.80259,0.9310609102249146,0.8621216
P02945,2BRD,K54A,0.80259,0.9116480946540833,0.8621216
P02945,2BRD,I58A,0.80259,0.9526033997535706,0.8621216
P02945,2BRD,Y70A,0.80259,0.9378169178962708,0.8621216
P0A7Y4,2RN2,I53V,0.94470,0.9835208058357239,0.9739839
P0A7Y4,2RN2,I53L,0.94470,0.9835208058357239,0.9739839
P0A7Y4,2RN2,I53F,0.94470,0.9835208058357239,0.9739839
P0A7Y4,2RN2,I53D,0.94470,0.9835208058357239,0.9739839
P00648,1BNI,I135G,0.66751,0.9682679176330566,0.8123324
P00648,1BNI,L142G,0.66751,0.9500815868377686,0.8123324
P00648,1BNI,Q62A,0.66751,0.9399227499961853,0.8123324
P00648,1BNI,Q62G,0.66751,0.9399227499961853,0.8123324
P00648,1BNI,T147G,0.66751,0.9451783299446106,0.8123324
P00648,1BNI,Y60G,0.66751,0.9401989579200745,0.8123324
P00648,1BNI,Y144G,0.66751,0.9607155919075012,0.8123324
P00644,1STN,W222F,0.58662,0.9405953884124756,0.7910783
P00644,1STN,W222L,0.58662,0.9405953884124756,0.7910783
P00712,1HFY,V109A,0.78889,0.9255998134613037,0.87382394
P00712,1HFY,W137F,0.78889,0.7498789429664612,0.87382394
P00712,1HFY,V27A,0.78889,0.9257702827453613,0.87382394
P00712,1HFY,L115A,0.78889,0.8909270763397217,0.87382394
P00712,1HFY,D106N,0.78889,0.9327526092529297,0.87382394
P00712,1HFY,L124A,0.78889,0.8667285442352295,0.87382394
P00712,1HFY,I74V,0.78889,0.9436335563659668,0.87382394
P00712,1HFY,I114V,0.78889,0.9029513597488403,0.87382394
P00712,1HFY,K112A,0.78889,0.910065233707428,0.87382394
P00712,1HFY,W79A,0.78889,0.9202437400817871,0.87382394
P11540,1BTA,R76Q,0.88534,0.9034831523895264,0.9003434
P11540,1BTA,K23Q,0.88534,0.9554944038391113,0.9003434
P11540,1BTA,K61E,0.88534,0.860862135887146,0.9003434
P11540,1BTA,K61L,0.88534,0.860862135887146,0.9003434
P05230,2AFG,H36Y,0.83060,0.9579284191131592,0.8515019
P05230,2AFG,F123Y,0.83060,0.9536733627319336,0.8515019
P05230,2AFG,V124I,0.83060,0.9626690149307251,0.8515019
P02417,1DIV,H144Q,0.85309,0.9820767641067505,0.97891444
P02417,1DIV,H134Q,0.85309,0.9706586599349976,0.97891444
P00282,5AZU,V115A,0.84859,0.9734835028648376,0.9413899
P00282,5AZU,L53A,0.84859,0.9807707071304321,0.9413899
P00282,5AZU,F117A,0.84859,0.9615465402603149,0.9413899
P00282,5AZU,F130A,0.84859,0.9781982898712158,0.9413899
P23370,1RIS,V6A,0.94055,0.9765212535858154,0.9499666
P23370,1RIS,I8A,0.94055,0.9738234877586365,0.9499666
P23370,1RIS,L21A,0.94055,0.9644993543624878,0.9499666
P23370,1RIS,I26A,0.94055,0.9669189453125,0.9499666
P23370,1RIS,Y33A,0.94055,0.9660674333572388,0.9499666
P23370,1RIS,V37A,0.94055,0.9719550609588623,0.9499666
P23370,1RIS,L48A,0.94055,0.9495681524276733,0.9499666
P23370,1RIS,I52A,0.94055,0.9134568572044373,0.9499666
P23370,1RIS,F60A,0.94055,0.9745956063270569,0.9499666
P23370,1RIS,V65A,0.94055,0.9675577282905579,0.9499666
P23370,1RIS,L79A,0.94055,0.9634870886802673,0.9499666
P23370,1RIS,V85A,0.94055,0.9610713720321655,0.9499666
P23370,1RIS,V88A,0.94055,0.9669675827026367,0.9499666
P00282,5AZU,V25A,0.84859,0.9539328813552856,0.9413899
P00282,5AZU,I101A,0.84859,0.967820405960083,0.9413899
P00282,5AZU,A102G,0.84859,0.9719721078872681,0.9413899
P00282,5AZU,I40A,0.84859,0.9371210336685181,0.9413899
P02417,1DIV,K7M,0.85309,0.9735985994338989,0.97891444
P02417,1DIV,E54Q,0.85309,0.9666805863380432,0.97891444
P02417,1DIV,K10M,0.85309,0.9683119058609009,0.97891444
P02417,1DIV,K14M,0.85309,0.9694947004318237,0.97891444
P02417,1DIV,E17Q,0.85309,0.967442512512207,0.97891444
P02417,1DIV,K15M,0.85309,0.9585525393486023,0.97891444
P02417,1DIV,L6I,0.85309,0.9690572023391724,0.97891444
P02417,1DIV,V3I,0.85309,0.9845070838928223,0.97891444
P02417,1DIV,V21I,0.85309,0.9795465469360352,0.97891444
P02417,1DIV,L6V,0.85309,0.9690572023391724,0.97891444
P02417,1DIV,V21L,0.85309,0.9795465469360352,0.97891444
P02417,1DIV,V3L,0.85309,0.9845070838928223,0.97891444
P02417,1DIV,I4A,0.85309,0.9815573692321777,0.97891444
P02417,1DIV,V21A,0.85309,0.9795465469360352,0.97891444
P02417,1DIV,V3A,0.85309,0.9845070838928223,0.97891444
P02417,1DIV,L6A,0.85309,0.9690572023391724,0.97891444
P00171,1CYO,S76L,0.65209,0.9628834128379822,0.8320107
P00712,1HFY,W123F,0.78889,0.8728766441345215,0.87382394
P00712,1HFY,W45F,0.78889,0.9063988327980042,0.87382394
P04905,1GSB,F57S,0.97031,0.9397218227386475,0.91457355
P02693,2IFB,W7Y,0.94266,0.9095296859741211,0.89347017
P02693,2IFB,W83Y,0.94266,0.9407075047492981,0.89347017
P02693,2IFB,F69A,0.94266,0.9311715960502625,0.89347017
P00282,5AZU,V42T,0.84859,0.9030520915985107,0.9413899
P00282,5AZU,V51T,0.84859,0.9718332290649414,0.9413899
P00282,5AZU,L70V,0.84859,0.978186845779419,0.9413899
P00282,5AZU,L70T,0.84859,0.978186845779419,0.9413899
P00282,5AZU,I101V,0.84859,0.967820405960083,0.9413899
P00282,5AZU,I101T,0.84859,0.967820405960083,0.9413899
P00282,5AZU,V115T,0.84859,0.9734835028648376,0.9413899
P02417,1DIV,F5V,0.85309,0.9816484451293945,0.97891444
P19614,1MSI,D58N,0.92715,0.8811148405075073,0.92798626
P19614,1MSI,E25A,0.92715,0.9315363764762878,0.92798626
P19614,1MSI,R47A,0.92715,0.9579594731330872,0.92798626
P19614,1MSI,R23A,0.92715,0.9591219425201416,0.92798626
P19614,1MSI,R39A,0.92715,0.9297902584075928,0.92798626
P00720,2LZM,I50A,0.92251,0.9521949887275696,0.9463421
P00720,2LZM,L7A,0.92251,0.9255179166793823,0.9463421
P00720,2LZM,V87A,0.92251,0.9695309996604919,0.9463421
P00720,2LZM,A130G,0.92251,0.9818901419639587,0.9463421
P00720,2LZM,I150V,0.92251,0.9719800353050232,0.9463421
P00282,5AZU,C132S,0.84859,0.9771520495414734,0.9413899
P00099,451C,F56Y,0.75540,0.9595894813537598,0.9026937
P00099,451C,E65Y,0.75540,0.9726384878158569,0.9026937
P01236,2Q98,H55A,0.71995,0.9297765493392944,0.69404095
P01236,2Q98,H74A,0.71995,0.5781769156455994,0.69404095
P01236,2Q98,H87A,0.71995,0.4786909520626068,0.69404095
P01236,2Q98,H125A,0.71995,0.8125665187835693,0.69404095
P01236,2Q98,H201A,0.71995,0.8121176958084106,0.69404095
P01236,2Q98,H208A,0.71995,0.8591763377189636,0.69404095
P01236,2Q98,H223A,0.71995,0.6434437036514282,0.69404095
P37957,3D2A,S194P,0.78819,0.9684451222419739,0.85216534
P00149,1A7V,A125H,0.82898,0.9757978916168213,0.90760374
P00149,1A7V,K118H,0.82898,0.9594967365264893,0.90760374
P00149,1A7V,A112H,0.82898,0.9830966591835022,0.90760374
P00149,1A7V,K105H,0.82898,0.9830042123794556,0.90760374
P00149,1A7V,E94H,0.82898,0.9639917016029358,0.90760374
P00149,1A7V,A87H,0.82898,0.9083696007728577,0.90760374
P00149,1A7V,K60H,0.82898,0.9821422696113586,0.90760374
P00149,1A7V,K41H,0.82898,0.9743088483810425,0.90760374
P00149,1A7V,K34H,0.82898,0.9509142637252808,0.90760374
P00149,1A7V,D24H,0.82898,0.7895415425300598,0.90760374
P05230,2AFG,L59W,0.83060,0.9340859651565552,0.8515019
P05230,2AFG,C132I,0.83060,0.9616288542747498,0.8515019
P05230,2AFG,V46W,0.83060,0.9658558964729309,0.8515019
P00644,1STN,G102E,0.58662,0.9769256114959717,0.7910783
P00644,1STN,V105E,0.58662,0.9835189580917358,0.7910783
P00644,1STN,L107E,0.58662,0.9819329977035522,0.7910783
P00644,1STN,F116E,0.58662,0.9845067262649536,0.7910783
P00644,1STN,L120E,0.58662,0.968295156955719,0.7910783
P00644,1STN,T123E,0.58662,0.9748421907424927,0.7910783
P00644,1STN,T144E,0.58662,0.9853520393371582,0.7910783
P00644,1STN,V156E,0.58662,0.9766227006912231,0.7910783
P00644,1STN,A172E,0.58662,0.9723875522613525,0.7910783
P00644,1STN,Y173E,0.58662,0.9721438884735107,0.7910783
P00644,1STN,I174E,0.58662,0.9811726212501526,0.7910783
P00644,1STN,V181E,0.58662,0.9803573489189148,0.7910783
P00644,1STN,L185E,0.58662,0.9835807085037231,0.7910783
P00644,1STN,A191E,0.58662,0.9820456504821777,0.7910783
P00644,1STN,L207E,0.58662,0.9532186985015869,0.7910783
P03050,1ARR,N11A,0.76009,0.8987847566604614,0.90794903
P03050,1ARR,M4A,0.76009,0.7419483661651611,0.90794903
P03050,1ARR,E27A,0.76009,0.9794819355010986,0.90794903
P03050,1ARR,M1A,0.76009,0.5638154745101929,0.90794903
P03050,1ARR,S5A,0.76009,0.7579230666160583,0.90794903
P03050,1ARR,E17A,0.76009,0.9810824990272522,0.90794903
P03050,1ARR,E43A,0.76009,0.9478670954704285,0.90794903
P03050,1ARR,D20A,0.76009,0.9757765531539917,0.90794903
P03050,1ARR,F10A,0.76009,0.8731627464294434,0.90794903
P03050,1ARR,N34A,0.76009,0.9140296578407288,0.90794903
P03050,1ARR,Q39A,0.76009,0.9425522089004517,0.90794903
P03050,1ARR,K46A,0.76009,0.9331640005111694,0.90794903
P03050,1ARR,R23A,0.76009,0.9762115478515625,0.90794903
P03050,1ARR,E28A,0.76009,0.9815510511398315,0.90794903
